Swabahadine/mdpswabah
Alexandre/mdpalex
Oualid/mdpoualid
Sajjad/mdpsajjad
aaaaaaaa/aaaaaaaa
walidwalid/walidwalid
abcdefghi/abcdefghi
Alexandre/mdpalexandree
anthonylopes/anthonylopes
Daniel/daniel
coste/passe
azerty/mdppaste
hugo/hugomdp
Chapy/chapy
SosodeM16/mdpsoso
